{
    "resnet18": {
        "accuracy": 0.7883613782051282,
        "flops": 1823572992,
        "params": 11227812
    },
    "resnet34": {
        "accuracy": 0.7977764423076923,
        "flops": 3678278656,
        "params": 21335972
    },
    "resnet50": {
        "accuracy": 0.8035857371794872,
        "flops": 4131899392,
        "params": 23712932
    },
    "resnet18-imagenet": {
        "accuracy": 0.7083536982536316,
        "flops": 1824033792,
        "params": 11689512
    },
    "r3d18-hmdb": {
        "accuracy": 0.20500493096646943,
        "flops": 40782778368,
        "params": 33192435
    },
    "resnet34-imagenet": {
        "accuracy": 0.74395751953125,
        "flops": 3678739456,
        "params": 21797672
    },
    "densenet121": {
        "accuracy": 0.8030849358974359,
        "flops": 2896085504,
        "params": 7056356
    },
    "densenet121-imagenet": {
        "accuracy": 0.7574869990348816,
        "flops": 2896085504,
        "params": 7056356
    },
    "resnext29_2x64d": {
        "accuracy": 0.7992788461538461,
        "flops": 5126324224,
        "params": 21150504
    },
    "resnext29_2x64d-imagenet": {
        "accuracy": 0.7607218623161316,
        "flops": 5126324224,
        "params": 21150504
    },
    "vit_b_16": {
        "accuracy": 0.5681089743589743,
        "flops": 11285563392,
        "params": 57375076
    },
    "efficientnet_v2_s": {
        "accuracy": 0.7966746794871795,
        "flops": 5126324224,
        "params": 21150504
    },
    "efficientnet_v2_s-imagenet": {
        "accuracy": 0.7596638798713684,
        "flops": 2901935168,
        "params": 21458488
    },
    "gpt": {
        "loss": 5.851579846562566,
        "flops": 253190995968,
        "params": 123625728
    }
}